ip	count
176.63.30.182	22
213.229.183.42	253
91.82.219.50	6
195.56.119.18	4
90.174.2.105	2
185.244.212.195	2
185.216.34.222	9
35.192.136.167	4
104.154.113.151	5
35.188.73.34	4
35.192.187.174	5
94.21.195.86	2
66.249.66.213	2
66.249.66.215	4
176.63.31.58	7
23.97.249.36	2
66.249.69.181	1
93.190.1.154	61
176.63.30.197	19
93.176.147.27	41
35.224.112.202	11
35.193.7.13	9
35.188.1.99	7
35.184.96.71	2
104.154.120.187	6
35.192.85.2	3
35.202.145.110	10
35.184.226.236	3
93.176.145.147	13
37.220.141.130	22
151.0.86.84	3
37.76.42.150	2
37.76.99.112	2
85.52.163.139	12
5.254.80.166	10
89.187.168.200	27
5.38.144.246	3
176.63.31.26	11
213.222.166.79	31
188.143.16.220	9
93.176.148.239	5
81.0.120.205	3
188.143.63.25	2
176.77.129.189	2
167.220.196.86	2
176.63.17.196	4
92.249.223.150	80
185.128.26.52	2
185.180.15.237	43
176.63.22.8	176
66.249.79.85	13
66.249.79.89	10
78.96.151.128	5
5.38.178.15	28
194.149.37.3	30
66.249.79.87	8
80.99.200.130	6
80.251.178.106	47
81.183.229.38	15
195.38.100.136	6
37.76.125.117	5
77.111.96.84	23
89.133.162.135	11
89.147.103.17	9
193.226.218.10	4
89.132.207.5	2
84.0.137.160	2
86.59.133.67	7
62.100.211.228	2
185.29.80.111	2
178.48.68.249	6
193.226.241.59	2
81.0.116.1	70
46.107.181.183	2
176.63.191.77	2
94.21.212.231	213
134.255.79.97	30
31.46.49.214	15
151.0.89.117	4
188.36.254.238	33
94.21.50.176	116
195.38.104.188	2
37.76.101.215	3
89.132.180.207	57
78.92.103.94	15
78.92.181.33	6
69.171.251.24	2
80.98.157.89	11
160.114.44.1	5
94.21.203.202	97
89.132.199.53	2
188.156.246.157	30
94.21.98.115	10
178.48.214.228	52
151.0.70.178	2
80.99.106.161	2
188.142.221.84	16
160.114.41.208	18
176.63.22.151	2
92.249.203.88	4
94.21.186.139	2
86.59.156.102	39
81.182.199.6	6
149.200.11.247	9
84.225.207.21	24
178.164.236.106	13
188.142.191.195	22
89.133.18.198	7
188.36.46.190	11
176.77.137.201	5
31.46.59.129	9
176.63.28.177	7
46.107.145.16	8
5.38.174.214	67
31.46.147.12	7
188.142.220.66	9
160.114.46.227	6
151.0.88.113	2
185.161.204.45	2
80.99.217.44	9
86.59.192.207	6
89.134.226.244	22
84.206.42.142	305
193.6.51.194	17
176.63.21.125	17
88.132.94.96	2
88.8.178.158	2
77.221.50.56	2
62.77.223.174	41
91.104.151.45	17
176.77.134.69	2
84.0.41.183	8
188.6.201.193	39
109.105.18.157	4
195.184.24.52	2
37.220.133.81	60
130.43.214.86	13
176.63.22.127	4
84.2.59.70	86
139.191.247.3	39
188.36.107.211	2
130.43.204.197	2
89.135.108.100	7
84.1.213.252	2
37.76.74.133	17
212.96.46.82	8
157.181.13.99	17
84.206.42.2	166
195.199.249.161	4
195.199.223.158	4
84.0.131.30	2
176.63.22.178	24
77.234.86.246	4
176.77.131.65	2
78.131.58.235	2
94.21.47.13	5
37.76.38.234	4
2.45.95.45	4
151.0.72.75	2
77.110.162.109	6
37.76.43.111	4
89.135.177.21	12
178.48.126.44	2
194.38.121.101	8
95.210.105.206	3
193.151.118.77	6
176.77.134.87	6
74.139.227.83	8
188.143.53.251	2
37.76.116.53	14
188.143.58.240	2
37.17.160.140	6
130.43.197.19	17
81.182.142.160	2
85.66.137.33	2
31.46.65.177	4
84.225.206.27	5
109.61.109.134	5
37.17.163.250	10
37.76.96.149	2
195.38.106.87	2
78.131.95.130	6
213.27.170.58	2
37.76.56.116	5
176.63.20.115	87
78.131.1.91	8
88.132.181.142	50
94.248.144.190	2
188.156.64.129	2
37.76.49.169	16
176.77.135.8	11
193.6.177.225	4
193.6.201.128	10
178.48.127.178	2
188.143.7.22	2
89.136.89.228	2
89.135.122.89	2
81.182.145.115	9
89.147.69.1	12
92.249.143.173	5
176.63.26.26	6
87.101.117.18	6
86.101.212.113	2
92.249.248.210	4
217.65.125.72	33
89.133.232.195	9
176.77.141.94	7
84.0.25.91	8
176.77.136.120	10
188.157.71.93	6
88.132.27.232	6
217.20.130.254	122
31.46.87.159	3
31.13.127.28	2
84.206.25.236	42
176.63.97.250	1
195.38.113.208	5
193.68.54.34	46
86.13.71.94	2
37.76.49.17	2
37.76.7.34	8
77.111.96.90	56
81.183.50.27	2
149.200.79.153	2
178.164.132.229	15
37.76.111.134	2
194.143.230.34	2
93.104.30.81	22
176.63.24.192	126
80.99.117.57	33
176.77.129.93	13
78.139.18.72	2
176.63.26.179	4
178.48.162.223	555
86.101.71.1	3
37.76.66.172	2
178.48.160.103	2
185.161.73.140	26
81.183.39.220	23
93.189.115.110	53
86.59.210.95	2
188.143.53.176	2
176.63.176.101	47
82.4.76.229	11
212.96.59.212	37
85.66.216.250	5
146.110.141.121	6
178.164.134.166	170
178.164.197.245	2
77.111.96.79	17
176.63.22.79	6
193.225.127.100	6
176.77.136.24	2
84.236.51.120	42
176.63.26.196	2
46.107.171.151	13
176.77.136.51	29
89.186.112.178	35
89.134.37.174	7
134.255.99.208	3
130.43.214.156	2
176.63.22.241	3
78.92.145.201	14
130.43.215.222	9
198.102.219.143	32
89.133.246.61	5
80.138.26.22	4
37.76.100.150	4
188.156.62.107	4
176.157.200.65	6
89.135.41.211	10
84.225.201.87	17
213.222.165.253	17
89.134.62.13	21
213.16.65.230	20
94.248.144.40	2
80.99.72.148	6
188.142.210.29	14
78.139.51.251	12
80.98.190.180	4
91.82.110.62	5
86.101.84.53	12
94.27.255.148	14
130.43.222.158	8
78.139.63.130	8
91.17.253.10	2
37.76.53.98	15
79.171.128.45	13
84.225.199.36	16
77.111.96.82	4
84.2.255.249	6
194.39.218.10	4
46.139.209.153	5
37.76.118.221	6
176.63.29.99	11
89.132.77.161	2
31.46.253.181	77
80.99.46.168	12
78.139.18.42	13
178.48.40.161	4
94.21.153.215	8
194.228.207.178	2
151.0.85.27	4
5.38.218.163	20
194.143.230.46	7
178.48.211.1	10
176.63.22.188	2
185.221.141.154	15
176.77.132.204	39
95.7.213.243	10
5.204.209.14	11
176.63.31.2	93
195.228.126.67	41
188.156.92.21	8
81.183.120.38	49
176.63.28.147	2
81.182.189.171	2
188.143.81.158	25
176.63.28.38	10
81.22.231.182	2
46.139.103.155	14
91.146.162.28	27
31.46.194.122	6
94.21.230.50	60
85.67.99.151	2
141.0.12.99	26
5.243.180.184	2
82.145.221.111	2
82.145.223.13	1
84.3.24.100	4
85.48.184.86	57
80.98.152.9	4
176.63.22.35	26
176.63.29.190	2
37.76.34.45	8
5.38.144.224	2
94.21.122.69	7
84.0.27.149	2
84.236.64.107	17
37.191.39.197	9
84.2.99.60	2
84.0.102.184	6
5.204.140.115	2
94.21.253.66	44
194.176.227.62	3
82.145.223.6	2
217.91.16.35	11
78.139.15.138	2
188.156.79.108	11
82.145.221.128	8
78.131.66.208	8
79.122.46.204	5
92.249.233.5	6
176.63.26.170	101
188.143.93.214	2
188.6.2.130	6
130.43.216.124	25
37.76.46.131	9
46.249.132.191	2
94.248.145.219	8
84.236.72.140	11
94.21.86.174	15
37.76.9.57	2
92.249.194.194	8
193.224.76.224	4
92.249.138.164	4
176.63.30.196	32
195.228.66.194	55
185.46.214.76	13
5.38.178.8	8
5.61.240.241	64
160.114.46.221	42
188.142.190.16	6
5.38.201.3	13
176.77.134.20	2
92.249.156.114	15
86.59.211.201	2
176.63.5.33	2
193.225.200.93	34
193.6.53.132	2
195.228.228.140	16
195.199.250.50	2
178.164.238.190	2
176.63.18.225	2
81.183.174.27	2
80.99.229.113	10
176.63.21.197	56
80.98.104.165	2
146.110.114.93	53
84.224.168.163	4
176.63.164.4	99
192.38.141.108	6
130.43.218.128	2
46.35.195.186	17
37.76.85.177	12
80.99.79.81	2
81.183.191.68	6
185.182.214.123	2
176.63.30.51	6
84.225.204.248	2
5.38.170.121	3
178.48.41.21	8
188.156.108.104	32
79.121.41.32	17
149.200.74.109	16
176.63.26.102	4
79.121.40.142	26
176.63.16.192	20
176.77.203.59	42
84.3.95.54	15
80.99.192.35	18
176.63.31.153	6
188.143.49.160	6
37.76.58.131	2
84.236.94.132	7
92.249.138.177	12
80.98.113.17	4
188.142.162.216	23
87.77.29.32	4
89.135.200.94	6
86.59.170.165	12
84.3.0.173	29
188.143.26.212	21
31.208.87.149	36
141.30.214.155	12
202.85.7.68	9
46.139.74.152	8
84.236.80.119	6
89.133.91.40	7
151.0.90.4	2
130.43.219.249	2
93.115.194.115	2
37.76.90.43	32
92.249.232.240	2
46.139.205.158	10
81.183.13.91	8
217.197.178.139	12
89.135.200.4	2
146.110.108.33	30
46.139.244.67	2
82.222.51.174	12
77.234.88.178	13
46.35.192.249	10
84.2.163.69	8
188.143.110.99	2
5.204.77.56	2
188.143.89.112	19
80.99.201.239	2
80.98.211.136	8
80.99.97.9	8
84.3.51.154	5
46.139.217.174	4
80.98.221.49	2
193.202.65.1	6
84.2.85.110	12
81.183.55.104	5
37.76.34.241	2
188.142.220.222	26
37.76.83.207	2
84.225.203.204	2
195.56.187.26	16
188.143.78.115	23
176.63.19.145	2
84.2.203.82	18
91.82.219.229	10
37.76.60.9	2
89.135.155.20	20
176.63.26.7	15
91.82.40.12	6
86.59.153.139	34
152.66.233.49	4
91.120.102.99	27
176.63.16.187	29
176.63.31.83	58
37.76.51.223	2
89.147.75.34	20
192.38.138.216	2
37.76.48.179	20
89.133.168.153	33
152.66.216.2	4
84.2.163.186	6
94.21.36.70	6
92.249.154.36	14
88.132.174.233	1
94.21.159.40	2
82.43.126.16	12
176.63.29.100	2
176.63.164.43	14
176.63.27.182	23
84.225.201.137	6
89.133.90.34	15
213.152.161.181	75
95.91.246.231	14
86.59.152.211	5
176.63.22.31	10
188.143.115.153	4
86.59.162.250	2
95.168.155.43	2
84.3.11.83	2
84.3.220.152	11
62.201.94.63	28
94.21.156.12	4
95.168.41.122	7
188.36.222.255	2
31.46.250.220	6
91.83.121.204	2
94.21.22.206	2
176.63.16.147	78
188.142.162.135	8
80.110.113.42	4
176.63.28.36	5
92.52.220.210	6
94.21.64.9	25
89.134.238.144	18
89.133.7.72	20
80.98.188.229	112
66.249.73.151	3
82.145.223.27	8
66.249.73.153	2
78.92.247.100	8
84.236.106.113	10
80.98.252.107	2
193.225.139.152	12
176.241.32.96	6
176.63.20.77	2
78.92.99.178	2
188.143.76.106	6
188.156.196.33	8
176.63.27.96	5
86.59.180.56	15
85.67.133.27	6
176.63.44.74	24
62.165.205.12	22
176.63.22.212	4
89.133.114.217	9
84.2.196.219	4
78.131.9.45	2
84.225.204.213	50
31.46.125.236	43
188.156.217.28	390
94.21.36.141	9
94.21.175.178	6
89.133.162.60	12
89.147.76.1	2
130.43.192.165	8
176.63.29.6	97
82.131.206.7	18
89.133.124.9	8
192.38.140.198	6
79.122.127.242	9
87.97.60.105	5
94.21.208.179	8
176.63.23.140	6
46.139.15.137	12
91.83.185.46	36
84.2.114.243	11
193.6.50.29	24
151.0.73.250	30
62.165.229.88	27
80.95.83.144	6
91.82.7.142	42
77.234.67.75	15
37.76.6.155	4
5.187.241.205	6
94.21.171.233	32
188.157.242.196	2
94.21.28.53	4
46.35.192.36	6
176.77.132.25	8
37.76.26.134	5
89.132.221.29	24
78.92.251.100	4
80.252.55.57	15
84.0.206.56	38
89.132.127.188	10
46.139.103.164	58
78.131.125.123	2
130.43.197.156	13
188.36.38.87	27
37.76.91.254	2
188.6.90.6	32
37.76.7.196	2
86.101.35.29	2
81.182.190.72	2
212.96.38.174	19
84.0.15.245	5
176.63.25.165	10
5.38.149.87	13
178.164.154.9	20
5.38.223.59	17
84.3.254.157	35
213.222.149.80	15
188.156.147.65	3
31.46.247.42	31
91.82.197.92	10
188.156.244.73	52
78.131.56.243	2
193.30.164.114	12
157.181.236.75	3
212.108.193.178	48
193.225.120.1	37
157.181.236.72	20
176.63.25.98	9
193.225.200.92	21
84.2.57.42	3
195.212.29.185	19
195.212.29.165	9
176.63.27.5	7
213.96.223.92	23
37.76.93.234	2
46.107.10.219	8
37.76.110.153	16
80.99.3.150	6
176.63.24.196	2
93.176.146.132	3
84.206.10.73	52
92.40.248.94	8
188.157.228.51	4
37.76.46.198	6
77.243.214.151	12
193.6.63.109	6
84.1.21.177	35
78.131.56.71	12
188.6.29.174	41
176.63.27.232	4
176.63.29.209	69
188.143.53.56	2
178.210.245.67	16
94.21.53.93	4
176.63.21.173	7
176.63.31.141	19
176.63.21.180	10
188.156.200.73	143
77.111.107.114	41
213.222.149.47	7
130.43.207.249	7
176.63.17.158	10
94.248.238.2	2
5.204.57.55	4
212.92.17.49	22
193.6.40.10	5
81.182.66.84	27
188.157.0.46	15
176.63.23.224	8
94.21.164.93	214
78.131.71.239	81
84.3.3.18	5
176.63.24.253	2
89.134.117.245	4
84.2.131.215	2
84.206.62.4	24
37.76.17.196	4
176.77.136.13	9
194.77.48.120	6
37.76.118.47	5
84.225.205.204	2
31.46.241.155	4
84.16.38.26	12
87.197.104.141	29
217.145.202.194	6
94.21.34.82	13
178.164.246.78	56
37.76.121.238	2
195.228.183.0	2
213.180.203.51	4
89.133.104.206	29
31.46.248.79	9
89.132.96.217	46
37.76.78.118	126
89.134.25.226	81
185.128.26.172	2
176.63.29.37	37
134.255.91.19	10
176.63.181.143	43
213.197.86.34	29
176.63.151.177	20
93.176.144.172	10
81.182.34.222	4
176.63.29.87	15
94.21.111.215	2
178.164.157.145	21
176.63.22.149	8
185.221.143.94	21
84.236.68.158	18
94.21.249.110	40
194.88.44.127	5
157.181.112.14	15
78.131.46.79	4
185.180.12.47	2
37.76.117.79	40
176.63.24.245	3
84.2.90.28	4
149.200.2.96	7
78.131.100.218	25
78.131.118.106	2
89.135.35.225	10
5.187.134.151	22
188.142.231.45	6
176.63.19.113	4
89.132.131.171	34
176.63.22.38	8
66.249.64.55	3
5.38.149.16	6
66.249.64.57	1
66.249.69.159	5
66.249.69.157	9
66.249.69.158	6
84.224.98.206	101
92.249.230.197	25
176.63.31.23	6
92.249.170.36	43
188.143.84.140	34
94.21.90.94	31
130.43.219.192	5
78.131.104.214	3
84.3.165.159	4
5.38.167.85	36
178.21.51.150	19
62.100.246.14	52
92.249.185.201	10
84.3.156.30	8
66.249.64.53	4
5.38.145.28	12
130.93.196.178	40
62.165.202.28	5
82.131.212.172	2
37.188.81.215	2
188.157.238.83	5
176.77.129.190	2
88.132.253.191	2
86.160.48.24	16
217.113.63.5	9
94.21.212.179	10
94.27.240.190	7
176.63.23.197	6
195.38.116.222	22
134.255.99.28	2
176.77.138.80	2
151.0.87.48	11
37.76.117.116	21
78.131.57.91	16
87.242.19.148	51
94.21.212.53	3
94.21.99.246	11
89.133.200.80	2
85.67.60.152	12
92.52.220.244	8
62.165.202.138	15
81.182.47.40	32
188.36.7.226	16
176.241.13.2	2
80.99.57.218	10
178.48.165.123	2
81.182.16.229	25
37.76.72.193	15
37.76.19.208	11
216.185.19.10	26
188.6.233.17	18
84.236.2.108	5
176.63.19.13	2
66.249.66.76	2
37.76.101.146	2
89.134.103.1	2
84.206.48.246	8
84.3.199.10	26
79.121.5.230	11
185.205.251.191	28
84.224.211.84	10
37.76.94.140	2
134.255.62.99	2
62.165.233.40	2
84.236.71.163	17
91.228.212.86	4
66.249.75.30	1
37.120.144.116	16
128.6.37.49	2
62.165.202.41	61
66.249.73.149	2
92.249.171.108	9
85.238.85.129	51
173.252.95.33	2
176.63.17.48	2
37.76.69.41	5
196.245.151.83	2
188.156.34.178	6
66.249.76.85	1
5.204.55.175	11
5.187.158.178	4
94.21.212.198	12
178.164.244.233	6
91.82.173.185	6
62.165.201.126	35
93.122.250.90	2
46.139.251.114	16
176.63.18.97	109
37.220.135.35	16
178.48.40.98	2
79.121.20.179	3
176.63.31.111	9
87.97.17.91	5
37.76.68.80	8
178.48.51.35	72
31.46.248.43	12
80.99.10.35	5
93.92.56.46	4
188.142.170.219	21
37.76.46.172	2
178.48.162.88	3
66.249.66.77	1
89.132.181.80	8
37.76.81.196	2
176.63.21.235	2
217.91.36.246	4
62.165.202.59	14
188.156.2.40	18
151.0.76.78	2
188.154.238.101	3
94.21.98.147	14
81.160.183.182	5
13.73.144.164	2
79.121.7.104	2
188.6.99.113	4
5.38.144.41	2
151.0.67.253	2
89.133.40.178	1512
205.151.112.72	2
90.194.107.15	4
193.225.246.20	105
66.249.64.217	1
66.249.64.213	1
31.46.127.192	8
85.238.76.195	4
188.6.100.101	531
176.63.21.183	2
66.249.75.57	1
46.139.209.132	2
66.249.65.181	2
149.200.18.80	2
176.63.28.173	4
188.36.84.136	2
157.181.130.112	47
176.63.31.62	2
146.110.165.170	4
146.110.97.108	6
52.136.194.151	2
176.63.29.7	21
212.236.35.53	16
35.222.7.205	3
93.176.149.110	6
66.249.64.151	7
89.133.29.111	2
185.216.34.174	18
5.38.177.126	26
176.63.22.146	4
31.46.242.26	9
87.101.119.2	2
176.63.15.75	4
176.63.1.92	4
134.255.27.39	33
78.139.51.53	9
86.59.202.76	11
158.169.150.10	11
94.21.219.58	10
91.120.7.122	5
141.98.248.18	6
5.204.23.95	13
176.63.44.4	4
86.59.201.86	80
213.222.182.249	13
5.204.181.161	2
176.77.134.119	2
148.88.201.194	6
84.2.48.193	6
84.2.48.194	4
5.187.170.23	3
217.65.123.148	16
62.165.202.30	2
130.43.200.114	2
86.101.84.37	5
95.222.213.161	2
178.164.198.0	7
173.252.87.18	2
37.76.25.236	2
88.132.96.208	2
188.143.105.255	6
91.120.253.174	2
84.236.111.196	9
176.63.17.115	2
77.234.79.35	2
78.139.4.23	7
89.132.90.138	4
178.48.133.92	2
94.21.145.142	2
5.38.217.49	6
78.139.15.123	7
86.59.146.91	3
94.248.136.72	12
84.224.3.142	43
84.225.202.83	2
86.59.130.97	9
37.76.20.12	2
77.110.128.17	52
37.76.86.153	18
94.21.35.88	2
89.135.0.110	5
176.77.144.228	14
188.6.132.74	17
188.143.60.67	5
178.164.210.92	2
92.31.239.177	6
37.76.28.155	22
91.82.241.88	14
176.63.24.21	2
84.236.24.161	4
91.0.252.181	2
158.116.225.51	12
89.135.245.137	4
94.21.218.135	7
84.225.198.3	4
84.0.94.166	16
130.43.196.73	2
158.169.40.6	7
176.63.0.205	15
92.249.148.166	16
146.110.139.54	8
195.111.73.28	8
195.228.139.94	4
109.105.10.117	10
66.249.65.183	6
84.2.66.57	2
176.63.17.180	187
81.183.221.168	10
85.66.82.233	15
80.99.6.9	7
78.131.104.63	11
80.99.197.173	13
176.63.22.34	11
146.110.45.243	6
31.46.86.163	6
37.220.136.49	10
66.249.66.75	2
193.240.70.62	4
81.183.86.196	2
193.224.247.34	17
66.249.69.6	3
66.249.69.8	2
212.96.51.4	2
130.43.194.147	2
91.160.194.41	5
80.98.83.220	3
93.89.171.44	8
94.21.95.158	2
88.132.42.250	13
84.236.55.57	14
66.249.79.35	1
66.249.65.185	5
91.82.255.237	5
5.204.54.135	10
151.0.68.204	1
176.63.16.105	14
195.38.113.187	2
178.48.182.76	6
80.98.248.235	167
146.110.109.154	243
195.228.222.209	6
80.98.219.214	10
66.249.64.153	1
66.249.64.149	1
176.63.17.50	51
46.139.246.172	34
130.43.213.232	2
195.37.142.78	9
80.98.88.80	29
84.206.46.221	4
176.63.16.99	23
176.63.16.120	17
176.63.16.98	29
195.111.2.2	14
88.132.15.90	8
178.48.182.79	12
84.225.205.147	18
178.48.182.69	12
193.224.60.200	37
212.48.245.105	81
134.255.89.13	10
66.249.69.10	2
185.27.60.161	9
109.151.204.45	9
176.63.2.9	6
46.107.169.241	18
160.114.46.184	52
85.66.72.122	5
188.6.176.140	2
178.48.182.65	14
213.163.4.154	4
5.38.144.52	4
73.157.192.149	6
81.183.50.28	2
160.114.149.41	2
37.120.144.124	4
66.249.79.63	1
37.76.95.253	12
66.249.75.159	1
66.249.75.155	1
37.76.67.81	2
5.180.121.185	33
176.63.24.238	5
